ClassTable,nameTextId,descTextId,number,promotion,SMSId,slowWalking,defaultPortraitId,unk0A,baseHP,basePow,baseSkl,baseSpd,baseDef,baseRes,baseCon,baseMov,maxHP,maxPow,maxSkl,maxSpd,maxDef,maxRes,maxCon,classRelativePower,growthHP,growthPow,growthSkl,growthSpd,growthDef,growthRes,growthLck,promotionHP,promotionPow,promotionSkl,promotionSpd,promotionDef,promotionRes,attributes,baseSwordRank,baseLanceRank,baseAxeRank,baseBowRank,baseStaffRank,baseAnimaRank,baseLightRank,baseDarkRank,pBattleAnimDef,pMovCostTable,pRainMovCostTable,pSnowMovCostTable,pTerrainAvoidLookup,pTerrainDefenseLookup,pTerrainResistanceLookup,classType
0x807110_0x7F,16_h,16_h,8_h,8_h,8_h,8_h,16_h,8_h,8_d_s,8_d_s,8_d_s,8_d_s,8_d_s,8_d_s,8_d_s,8_d_s,8_d_s,8_d_s,8_d_s,8_d_s,8_d_s,8_d_s,8_d_s,8_d_s,8_d_s,8_d_s,8_d_s,8_d_s,8_d_s,8_d_s,8_d_s,8_d_s,8_d_s,8_d_s,8_d_s,8_d_s,8_d_s,32_h,8_d,8_d,8_d,8_d,8_d,8_d,8_d,8_d,32_p,32_p,32_p,32_p,32_p,32_p,32_p,32_p
None,0x0,0x0,0x0,0x0,0x0,0x0,0x0,0x0,0,0,0,0,0,0,0,0,0,0,0,0,0,0,0,0,0,0,0,0,0,0,0,0,0,0,0,0,0,0x1000002,0,0,0,0,0,0,0,0,0x1f,0x0,0x231e143c,0x190f0f,0x0,0x0,0x0,0x0
Prince#def,PrinceName,PrinceDesc,0x1,0x3,PrinceStandMapSprite,0x0,0x8b,0x1,0,0,0,0,0,0,0,5,60,20,20,20,20,20,20,3,0,0,0,0,0,0,0,0,0,0,0,0,0,0x0,ERank,ERank,0,0,0,0,0,0,0x88aefd8,0x880b808,0x880bc59,0x880c069,0x880c479,0x880c4ba,0x880c4fb,0x0
Huntress#def,HuntressName,HuntressDesc,0x2,0x4,HuntressStandMapSprite,0x0,0x8b,0x1,0,0,0,0,0,0,0,5,60,20,20,20,20,20,20,3,0,0,0,0,0,0,0,0,0,0,0,0,0,0x0,0,0,0,ERank,0,0,0,0,0x88aefe4,0x880b808,0x880bc59,0x880c069,0x880c479,0x880c4ba,0x880c4fb,0x0
LordKnight#def,LordKnightName,LordKnightDesc,0x3,0x1,LordKnightStandMapSprite,0x0,0x8b,0x2,0,0,0,0,0,0,0,8,60,20,20,20,20,20,20,3,0,0,0,0,0,0,0,4,2,2,2,2,2,0x0,DRank,DRank,0,0,0,0,0,0,0x88aeff0,0x880bad3,0x880bf24,0x880c334,0x880c479,0x880c4ba,0x880c4fb,HorseType
LadyKnight#def,LadyKnightName,LadyKnightDesc,0x4,0x2,LadyKnightStandMapSprite,0x0,0x8b,0x2,0,0,0,0,0,0,0,8,60,20,20,20,20,20,20,3,0,0,0,0,0,0,0,4,2,2,2,2,0,0x0,DRank,0,0,DRank,0,0,0,0,0x88aeffc,0x880bad3,0x880bf24,0x880c334,0x880c479,0x880c4ba,0x880c4fb,HorseType
WardKnight#def,WardKnightName,WardKnightDesc,0x5,0x6,WardKnightStandMapSprite,0x1,0x80,0x20,0,0,0,0,0,0,0,8,60,20,20,20,20,20,20,3,0,0,0,0,0,0,0,0,0,0,0,0,0,0x0,DRank,ARank,0,0,0,0,0,0,0x88af008,0x880ba92,0x880bee3,0x880c2f3,0x880c479,0x880c4ba,0x880c4fb,HorseType|ArmorType
GoldKnight#def,GoldKnightName,GoldKnightDesc,0x6,0x5,GoldKnightStandMapSprite,0x1,0x80,0x20,0,0,0,0,0,0,0,8,60,20,20,20,20,20,20,3,0,0,0,0,0,0,0,6,2,2,2,2,0,0x0,BRank,SRank,DRank,0,0,0,0,0,0x88af018,0x880ba92,0x880bee3,0x880c2f3,0x880c479,0x880c4ba,0x880c4fb,HorseType|ArmorType
SpearSoldier#def,SpearSoldierName,SpearSoldierDesc,0x7,0x9,SpearSoldierStandMapSprite,0x0,0x81,0x21,24,6,6,6,4,0,7,5,60,20,20,20,20,20,20,3,70,35,35,35,10,0,35,0,0,0,0,0,0,0x0,0,ERank,0,0,0,0,0,0,0x88af028,0x880bad3,0x880bf24,0x880c334,0x880c479,0x880c4ba,0x880c4fb,0x0
AxeSoldier#def,AxeSoldierName,AxeSoldierDesc,0x8,0x9,AxeSoldierStandMapSprite,0x0,0x81,0x21,24,6,6,6,4,0,7,5,60,20,20,20,20,20,20,3,70,35,35,35,10,0,35,0,0,0,0,0,0,0x0,0,0,ERank,0,0,0,0,0,0x88af028,0x880bad3,0x880bf24,0x880c334,0x880c479,0x880c4ba,0x880c4fb,0x0
Halberdier#def,HalberdierName,HalberdierDesc,0x9,0x7,HalberdierStandMapSprite,0x0,0x76,0xc,28,8,8,8,5,0,9,6,60,20,20,20,20,20,20,3,80,40,40,40,15,0,35,4,1,2,1,2,0,0x0,0,DRank,DRank,0,0,0,0,0,0x904614c,0x880b88a,0x880bcdb,0x880c0eb,0x880c479,0x880c4ba,0x880c4fb,0x0
SwordMerc#def,SwordMercName,SwordMercDesc,0xa,0xc,SwordMercStandMapSprite,0x0,0x76,0xc,24,5,7,7,3,0,7,5,60,20,20,20,20,20,20,3,65,30,40,40,10,0,35,0,0,0,0,0,0,0x0,ERank,0,0,0,0,0,0,0,0x904614c,0x880b88a,0x880bcdb,0x880c0eb,0x880c479,0x880c4ba,0x880c4fb,0x0
AxeMerc#def,AxeMercName,AxeMercDesc,0xb,0xc,AxeMercStandMapSprite,0x0,0x77,0xd,24,5,7,7,3,0,7,5,60,20,20,20,20,20,20,3,65,30,40,40,10,0,35,0,0,0,0,0,0,0x0,0,0,ERank,0,0,0,0,0,0x88af060,0x880b88a,0x880bcdb,0x880c0eb,0x880c479,0x880c4ba,0x880c4fb,0x0
Veteran#def,VeteranName,VeteranDesc,0xc,0xa,VeteranStandMapSprite,0x0,0x76,0xc,28,7,9,9,4,0,9,6,60,20,20,20,20,20,20,3,75,35,45,45,15,0,35,4,1,2,2,1,0,0x0,DRank,0,DRank,0,0,0,0,0,0x904614c,0x880b88a,0x880bcdb,0x880c0eb,0x880c479,0x880c4ba,0x880c4fb,0x0
AxeFighter#def,AxeFighterName,AxeFighterDesc,0xd,0xf,AxeFighterStandMapSprite,0x0,0x8e,0x7,26,7,5,5,4,0,8,5,60,20,20,20,20,20,20,3,75,40,30,30,10,0,35,0,0,0,0,0,0,0x0,0,0,ERank,0,0,0,0,0,0x88af0a0,0x880b9cf,0x880be20,0x880c230,0x880c479,0x880c4ba,0x880c4fb,0x0
BowFighter#def,BowFighterName,BowFighterDesc,0xe,0xf,BowFighterStandMapSprite,0x0,0x8f,0x1f,26,7,5,5,4,0,8,5,60,20,20,20,20,20,20,3,75,40,30,30,10,0,35,0,0,0,0,0,0,0x0,0,0,0,ERank,0,0,0,0,0x90397bc,0x880bb96,0x880bfe7,0x880c3f7,0x880c53c,0x880c57d,0x880c5be,0x0
Warrior#def,WarriorName,WarriorDesc,0xf,0xd,WarriorStandMapSprite,0x0,0x90,0x3,30,9,7,7,5,0,10,6,60,20,20,20,20,20,20,3,85,45,35,35,15,0,35,6,2,1,1,2,0,0x0,0,0,DRank,DRank,0,0,0,0,0x88af0b8,0x880b849,0x880bc9a,0x880c0aa,0x880c479,0x880c4ba,0x880c4fb,0x0
Brigand#def,BrigandName,BrigandDesc,0x10,0x12,BrigandStandMapSprite,0x0,0x90,0x3,26,6,4,6,3,0,8,5,60,20,20,20,20,20,20,3,70,40,25,30,8,0,35,0,0,0,0,0,0,0x0,0,0,ERank,0,0,0,0,0,0x9051edc,0x880b849,0x880bc9a,0x880c0aa,0x880c479,0x880c4ba,0x880c4fb,0x0
Pirate#def,PirateName,PirateDesc,0x11,0x12,PirateStandMapSprite,0x0,0x91,0x4,26,6,4,6,3,0,8,5,60,20,20,20,20,20,20,3,70,40,25,30,8,0,35,0,0,0,0,0,0,0x0,ERank,0,0,0,0,0,0,0,0x88af0d0,0x880b808,0x880bc59,0x880c069,0x880c479,0x880c4ba,0x880c4fb,0x0
Privateer#def,PrivateerName,PrivateerDesc,0x12,0x10,PrivateerStandMapSprite,0x0,0x91,0x4,28,8,5,8,4,0,10,6,60,20,20,20,20,20,20,3,80,45,30,35,12,0,35,6,2,1,2,1,0,0x0,DRank,0,DRank,0,0,0,0,0,0x88af0ec,0x880b808,0x880bc59,0x880c069,0x880c479,0x880c4ba,0x880c4fb,0x0
Vanguard#def,VanguardName,VanguardDesc,0x13,0x15,VanguardStandMapSprite,0x1,0x72,0x5,28,7,6,4,10,0,8,5,60,20,20,20,20,20,20,3,90,40,35,25,30,0,35,0,0,0,0,0,0,0x0,0,ERank,ERank,0,0,0,0,0,0x88af108,0x880b849,0x880bc9a,0x880c0aa,0x880c479,0x880c4ba,0x880c4fb,ArmorType
Rearguard#def,RearguardName,RearguardDesc,0x14,0x15,RearguardStandMapSprite,0x1,0x72,0x5,28,7,6,4,10,0,8,5,60,20,20,20,20,20,20,3,90,40,35,25,30,0,35,0,0,0,0,0,0,0x0,ERank,0,0,ERank,0,0,0,0,0x88af114,0x880b849,0x880bc9a,0x880c0aa,0x880c479,0x880c4ba,0x880c4fb,ArmorType
General#def,GeneralName,GeneralDesc,0x15,0x13,GeneralStandMapSprite,0x1,0x73,0x6,32,9,8,6,12,0,10,6,60,20,20,20,20,20,20,3,100,45,40,30,35,0,35,6,2,1,1,2,0,0x0,DRank,DRank,DRank,DRank,0,0,0,0,0x88af120,0x880b808,0x880bc59,0x880c069,0x880c479,0x880c4ba,0x880c4fb,ArmorType
Archer#def,ArcherName,ArcherDesc,0x16,0x17,ArcherStandMapSprite,0x0,0x73,0x6,22,6,8,6,3,0,6,5,60,20,20,20,20,20,20,3,65,35,40,35,10,0,35,0,0,0,0,0,0,0x0,0,0,0,ERank,0,0,0,0,0x88af12c,0x880b808,0x880bc59,0x880c069,0x880c479,0x880c4ba,0x880c4fb,0x0
Sniper#def,SniperName,SniperDesc,0x17,0x16,SniperStandMapSprite,0x0,0x8e,0x8,26,8,10,8,4,0,8,6,60,20,20,20,20,20,20,3,75,40,45,40,15,0,35,4,2,2,1,1,0,0x0,0,0,0,CRank,0,0,0,0,0x88af138,0x880b9cf,0x880be20,0x880c230,0x880c479,0x880c4ba,0x880c4fb,0x0
Duelist#def,DuelistName,DuelistDesc,0x18,0x19,DuelistStandMapSprite,0x0,0x8e,0x8,22,5,8,8,2,7,6,5,60,20,20,20,20,20,20,3,60,30,45,45,8,20,35,0,0,0,0,0,0,0x0,ERank,0,0,0,0,0,0,0,0x88af144,0x880b9cf,0x880be20,0x880c230,0x880c479,0x880c4ba,0x880c4fb,0x0
DreadFighter#def,DreadFighterName,DreadFighterDesc,0x19,0x18,DreadFighterStandMapSprite,0x0,0x78,0xa,24,6,10,10,3,10,8,6,60,20,20,20,20,20,20,3,70,35,50,50,12,40,35,4,1,2,2,1,4,0x0,CRank,0,0,0,0,0,0,0,0x88af150,0x880b849,0x880bc9a,0x880c0aa,0x880c479,0x880c4ba,0x880c4fb,0x0
Thief#def,ThiefName,ThiefDesc,0x1a,0x1b,ThiefStandMapSprite,0x0,0x78,0xa,20,3,6,8,1,0,6,5,60,20,20,20,20,20,20,3,50,20,40,45,5,0,35,0,0,0,0,0,0,0x0,ERank,0,0,0,0,0,0,0,0x88af168,0x880b849,0x880bc9a,0x880c0aa,0x880c479,0x880c4ba,0x880c4fb,0x0
Rogue#def,RogueName,RogueDesc,0x1b,0x1a,RogueStandMapSprite,0x0,0x79,0xb,22,5,8,10,2,0,7,6,60,20,20,20,20,20,20,3,55,25,45,50,8,0,35,2,1,2,2,1,0,0x0,DRank,0,0,0,0,0,0,0,0x88af180,0x880b808,0x880bc59,0x880c069,0x880c479,0x880c4ba,0x880c4fb,0x0
Outlaw#def,OutlawName,OutlawDesc,0x1c,0x1d,OutlawStandMapSprite,0x0,0x79,0xb,20,4,6,7,1,0,6,5,60,20,20,20,20,20,20,3,50,20,40,45,5,0,35,0,0,0,0,0,0,0x0,0,0,0,ERank,0,0,0,0,0x88af198,0x880b808,0x880bc59,0x880c069,0x880c479,0x880c4ba,0x880c4fb,0x0
Highwayman#def,HighwaymanName,HighwaymanDesc,0x1d,0x1c,HighwaymanStandMapSprite,0x0,0x97,0xc,22,6,8,9,2,0,7,6,60,20,20,20,20,20,20,3,55,25,45,50,8,0,35,2,1,2,2,1,0,0x0,0,0,0,DRank,0,0,0,0,0x88af1b0,0x880bb55,0x880bfa6,0x880c3b6,0x880c479,0x880c4ba,0x880c4fb,0x0
Mage#def,MageName,MageDesc,0x1e,0x1f,MageStandMapSprite,0x0,0x97,0xc,20,4,5,6,1,2,5,5,60,20,20,20,20,20,20,3,50,25,30,35,5,10,35,0,0,0,0,0,0,0x0,0,0,0,0,0,ERank,0,0,0x88af1c0,0x880bb55,0x880bfa6,0x880c3b6,0x880c479,0x880c4ba,0x880c4fb,0x0
Sage#def,SageName,SageDesc,0x1f,0x1e,SageStandMapSprite,0x0,0x88,0xd,22,6,7,8,2,4,7,6,60,20,20,20,20,20,20,3,60,30,35,40,8,20,35,2,1,2,2,1,3,0x0,0,0,0,0,ERank,DRank,0,0,0x88af1d0,0x880bb96,0x880bfe7,0x880c3f7,0x880c53c,0x880c57d,0x880c5be,0x0
Shaman#def,ShamanName,ShamanDesc,0x20,0x21,ShamanStandMapSprite,0x1,0x88,0xd,26,5,4,4,8,1,5,5,60,20,20,20,20,20,20,3,70,40,30,30,25,5,35,0,0,0,0,0,0,0x0,0,0,0,0,0,0,0,ERank,0x88af1dc,0x880bb96,0x880bfe7,0x880c3f7,0x880c53c,0x880c57d,0x880c5be,0x0
Warlock#def,WarlockName,WarlockDesc,0x21,0x20,WarlockStandMapSprite,0x1,0x89,0xe,30,7,5,5,10,3,7,6,60,20,20,20,20,20,20,3,80,45,35,35,30,10,35,4,2,1,1,2,2,0x0,0,0,0,0,ERank,0,0,DRank,0x88af1e8,0x880bb96,0x880bfe7,0x880c3f7,0x880c53c,0x880c57d,0x880c5be,0x0
FHealer#def,HealerName,HealerDesc,0x22,0x24,FHealerStandMapSprite,0x0,0x76,0xc,18,3,4,6,1,2,4,5,60,20,20,20,20,20,20,3,40,25,25,30,5,5,35,0,0,0,0,0,0,0x0,0,0,0,0,ERank,0,0,0,0x904614c,0x880b88a,0x880bcdb,0x880c0eb,0x880c479,0x880c4ba,0x880c4fb,0x0
Healer#def,HealerName,HealerDesc,0x23,0x25,HealerStandMapSprite,0x0,0x80,0x20,18,3,4,6,1,2,4,5,60,20,20,20,20,20,20,3,40,25,25,30,5,5,35,0,0,0,0,0,0,0x0,0,0,0,0,ERank,0,0,0,0x907cbd4,0x880ba92,0x880bee3,0x880c2f3,0x880c479,0x880c4ba,0x880c4fb,0x0
Trobaritz#def,TrobaritzName,TrobaritzDesc,0x24,0x22,TrobaritzStandMapSprite,0x0,0x80,0x20,22,6,6,8,2,4,5,8,60,20,20,20,20,20,20,3,45,30,30,35,8,10,35,2,3,1,1,1,2,0x0,0,0,0,0,CRank,0,0,0,0x907cbc4,0x880ba92,0x880bee3,0x880c2f3,0x880c479,0x880c4ba,0x880c4fb,HorseType
Troubadour#def,TroubadourName,TroubadourDesc,0x25,0x23,TroubadourStandMapSprite,0x0,0x7c,0x12,22,6,6,8,2,4,5,8,60,20,20,20,20,20,20,3,45,30,30,35,8,10,35,2,3,1,1,1,2,0x0,0,0,0,0,CRank,0,0,0,0x88af220,0x880ba10,0x880be61,0x880c271,0x880c479,0x880c4ba,0x880c4fb,HorseType
SwordCav#def,SwordCavName,SwordCavDesc,0x26,0x27,SwordCavStandMapSprite,0x0,0x7c,0x12,24,5,5,5,2,0,7,7,60,20,20,20,20,20,20,3,65,35,35,35,8,0,35,0,0,0,0,0,0,0x0,ERank,0,0,0,0,0,0,0,0x88af234,0x880ba10,0x880be61,0x880c271,0x880c479,0x880c4ba,0x880c4fb,HorseType
ForrestKnight#def,ForrestKnightName,ForrestKnightDesc,0x27,0x26,ForrestKnightStandMapSprite,0x0,0x7d,0x13,28,6,7,7,3,3,9,8,60,20,20,20,20,20,20,3,70,40,40,40,12,5,35,4,1,2,1,1,3,0x0,DRank,0,0,DRank,0,0,0,0,0x88af248,0x880ba10,0x880be61,0x880c271,0x880c479,0x880c4ba,0x880c4fb,HorseType
LanceCav#def,LanceCavName,LanceCavDesc,0x28,0x29,LanceCavStandMapSprite,0x0,0x7d,0x13,24,5,5,5,2,0,7,7,60,20,20,20,20,20,20,3,65,35,35,35,8,0,35,0,0,0,0,0,0,0x0,0,ERank,0,0,0,0,0,0,0x88af260,0x880ba10,0x880be61,0x880c271,0x880c479,0x880c4ba,0x880c4fb,HorseType
DukeKnight#def,DukeKnightName,DukeKnightDesc,0x29,0x28,DukeKnightStandMapSprite,0x0,0x95,0x14,28,6,7,7,3,3,9,8,60,20,20,20,20,20,20,3,70,40,40,40,12,5,35,4,1,2,1,1,3,0x0,DRank,DRank,0,0,0,0,0,0,0x88af278,0x880bad3,0x880bf24,0x880c334,0x880c479,0x880c4ba,0x880c4fb,HorseType
AxeCav#def,AxeCavName,AxeCavDesc,0x2a,0x2b,AxeCavStandMapSprite,0x0,0x95,0x14,24,5,5,5,2,0,7,7,60,20,20,20,20,20,20,3,65,35,35,35,8,0,35,0,0,0,0,0,0,0x0,0,0,ERank,0,0,0,0,0,0x88af290,0x880bad3,0x880bf24,0x880c334,0x880c479,0x880c4ba,0x880c4fb,HorseType
RookKnight#def,RookKnightName,RookKnightDesc,0x2b,0x2a,RookKnightStandMapSprite,0x0,0x7b,0x18,28,6,7,7,3,3,9,8,60,20,20,20,20,20,20,3,70,40,40,40,12,5,35,4,1,2,1,1,3,0x0,DRank,0,DRank,0,0,0,0,0,0x88af2a8,0x880ba10,0x880be61,0x880c271,0x880c479,0x880c4ba,0x880c4fb,HorseType
SwordPeg#def,SwordPegName,SwordPegDesc,0x2c,0x2e,SwordPegStandMapSprite,0x0,0x7b,0x18,22,4,6,8,1,2,5,7,60,20,20,20,20,20,20,3,50,25,40,40,5,5,35,0,0,0,0,0,0,0x0,ERank,0,0,0,0,0,0,0,0x88af2c0,0x880ba10,0x880be61,0x880c271,0x880c479,0x880c4ba,0x880c4fb,HorseType|FlierType
LancePeg#def,LancePegName,LancePegDesc,0x2d,0x2e,LancePegStandMapSprite,0x0,0x7e,0x1b,22,4,6,8,1,2,5,7,60,20,20,20,20,20,20,3,50,25,40,40,5,5,35,0,0,0,0,0,0,0x0,0,ERank,0,0,0,0,0,0,0x88af2d8,0x880ba10,0x880be61,0x880c271,0x880c479,0x880c4ba,0x880c4fb,HorseType|FlierType
Seraph#def,SeraphName,SeraphDesc,0x2e,0x2c,SeraphStandMapSprite,0x0,0x7e,0x1b,26,6,8,10,2,3,7,8,60,20,20,20,20,20,20,3,60,30,45,45,8,10,35,4,1,1,2,1,4,0x0,DRank,DRank,0,0,0,0,0,0,0x88af2ec,0x880ba10,0x880be61,0x880c271,0x880c479,0x880c4ba,0x880c4fb,HorseType|FlierType
LanceWyvern#def,LanceWyvernName,LanceWyvernDesc,0x2f,0x31,LanceWyvernStandMapSprite,0x1,0x7f,0x1c,26,7,4,4,7,0,8,7,60,20,20,20,20,20,20,3,75,35,30,25,25,0,35,0,0,0,0,0,0,0x0,0,ERank,0,0,0,0,0,0,0x88af300,0x880ba10,0x880be61,0x880c271,0x880c479,0x880c4ba,0x880c4fb,ArmorType|FlierType
AxeWyvern#def,AxeWyvernName,AxeWyvernDesc,0x30,0x31,AxeWyvernStandMapSprite,0x1,0x7f,0x1c,26,7,4,4,7,0,8,7,60,20,20,20,20,20,20,3,75,35,30,25,25,0,35,0,0,0,0,0,0,0x0,0,0,ERank,0,0,0,0,0,0x88af318,0x880ba10,0x880be61,0x880c271,0x880c479,0x880c4ba,0x880c4fb,ArmorType|FlierType
Dragoon#def,DragoonName,DragoonDesc,0x31,0x2f,DragoonStandMapSprite,0x1,0x7f,0x1d,30,9,6,6,9,0,10,8,60,20,20,20,20,20,20,3,85,40,35,30,30,0,35,6,1,1,1,2,0,0x0,0,DRank,DRank,0,0,0,0,0,0x88af330,0x880ba10,0x880be61,0x880c271,0x880c479,0x880c4ba,0x880c4fb,ArmorType|FlierType
Deserter#def,DeserterName,DeserterDesc,0x32,0x9,DeserterStandMapSprite,0x0,0x7f,0x1d,24,6,6,6,4,0,7,5,60,20,20,20,20,20,20,3,70,35,35,35,10,0,35,0,0,0,0,0,0,0x0,0,ERank,0,0,0,0,0,0,0x88af028,0x880bad3,0x880bf24,0x880c334,0x880c479,0x880c4ba,0x880c4fb,0x0
REPLACE,0x2db,0x326,0x33,0xd,0x29,0x0,0x94,0x9,18,5,1,11,2,0,8,6,60,20,20,20,20,20,20,3,50,10,45,35,5,20,35,2,1,1,0,2,2,0x10c,0,0,0,0,0,0,0,0,0x88af360,0x880b9cf,0x880be20,0x880c230,0x880c479,0x880c4ba,0x880c4fb,0x0
DO NOT USE,0x300,0x34c,0x34,0x0,0x2a,0x0,0xa6,0x0,50,0,0,0,10,10,6,0,60,20,20,20,20,20,20,3,100,0,0,0,0,0,35,0,0,0,0,0,0,0x0,0,0,0,0,0,0,0,0,0x0,0x0,0x0,0x0,0x880c479,0x880c4ba,0x880c4fb,0x0
FMage#def,MageName,MageDesc,0x35,0x36,FMageStandMapSprite,0x0,0x96,0x22,20,4,5,6,1,2,5,5,60,20,20,20,20,20,20,3,50,25,30,35,5,10,35,0,0,0,0,0,0,0x0,0,0,0,0,0,ERank,0,0,0x88af1c0,0x880bb55,0x880bfa6,0x880c3b6,0x880c479,0x880c4ba,0x880c4fb,0x0
FSage#def,SageName,SageDesc,0x36,0x35,FSageStandMapSprite,0x0,0x96,0x22,22,6,7,8,2,4,7,6,60,20,20,20,20,20,20,3,60,30,35,40,8,20,35,2,1,2,2,1,3,0x0,0,0,0,0,ERank,DRank,0,0,0x88af1d0,0x880bb96,0x880bfe7,0x880c3f7,0x880c53c,0x880c57d,0x880c5be,0x0
FShaman#def,ShamanName,ShamanDesc,0x37,0x38,FShamanStandMapSprite,0x1,0x8a,0x28,26,5,4,4,8,1,5,5,60,20,20,20,20,20,20,3,70,35,25,25,20,5,35,0,0,0,0,0,0,0x0,0,0,0,0,0,0,0,ERank,0x88af1dc,0x880bb96,0x880bfe7,0x880c3f7,0x880c53c,0x880c57d,0x880c5be,0x0
FWarlock#def,WarlockName,WarlockDesc,0x38,0x37,FWarlockStandMapSprite,0x1,0x74,0x27,30,7,5,5,10,3,7,6,60,20,20,20,20,20,20,3,80,40,30,30,25,10,35,4,2,1,1,2,2,0x0,0,0,0,0,ERank,0,0,DRank,0x88af1e8,0x880bb96,0x880bfe7,0x880c3f7,0x880c53c,0x880c57d,0x880c5be,0x0
FThief#def,ThiefName,ThiefDesc,0x39,0x3a,FThiefStandMapSprite,0x0,0x7c,0x29,20,3,6,8,1,0,6,5,60,20,20,20,20,20,20,3,50,20,40,45,5,0,35,0,0,0,0,0,0,0x0,ERank,0,0,0,0,0,0,0,0x88af168,0x880b849,0x880bc9a,0x880c0aa,0x880c479,0x880c4ba,0x880c4fb,0x0
FRogue#def,RogueName,RogueDesc,0x3a,0x39,FRogueStandMapSprite,0x0,0x8a,0x28,22,5,8,10,2,0,7,6,60,20,20,20,20,20,20,3,55,25,45,50,8,0,35,2,1,2,2,1,0,0x0,DRank,0,0,0,0,0,0,0,0x88af180,0x880b808,0x880bc59,0x880c069,0x880c479,0x880c4ba,0x880c4fb,0x0
REPLACE,0x2d7,0x323,0x3b,0x1f,0x2f,0x0,0xa9,0x1f,20,0,0,2,1,1,25,3,60,20,20,20,20,20,20,3,95,40,30,20,0,10,35,0,0,0,0,0,0,0x40100,0,0,0,0,0,0,0,0,0x88af3f0,0x880bb96,0x880bfe7,0x880c3f7,0x880c53c,0x880c57d,0x880c5be,0x0
REPLACE,0x2d7,0x323,0x3c,0x20,0x30,0x0,0x8f,0x1f,12,0,0,2,2,2,5,6,60,20,20,20,20,20,20,3,95,40,30,20,0,10,35,0,0,0,0,0,0,0x40000,0,0,0,0,0,0,0,0,0x88af3fc,0x880bb96,0x880bfe7,0x880c3f7,0x880c53c,0x880c57d,0x880c5be,0x0
REPLACE,0x2d8,0x324,0x3d,0x0,0x2d,0x0,0x74,0x27,14,3,0,1,1,0,8,4,60,20,20,20,20,20,20,3,85,55,40,32,18,20,35,0,0,0,0,0,0,0x80000,0,0,1,0,0,0,0,0,0x88af408,0x880b8cb,0x880bd1c,0x880c12c,0x880c479,0x880c4ba,0x880c4fb,0x0
REPLACE,0xd59,0xd77,0x3e,0x0,0x52,0x0,0x7c,0x29,20,8,2,5,2,0,12,5,60,20,20,20,20,20,20,3,55,55,40,35,10,30,35,0,0,0,0,0,0,0x0,0,0,0,0,0,1,0,0,0x88af420,0x880ba10,0x880be61,0x880c271,0x880c479,0x880c4ba,0x880c4fb,0x0
REPLACE,0x2dc,0x327,0x3f,0x40,0x31,0x0,0x74,0x23,20,8,2,5,2,0,12,5,60,20,20,20,20,20,20,3,40,30,25,25,10,10,35,2,2,1,0,0,1,0x0,0,0,31,0,0,0,0,0,0x88af434,0x880b8cb,0x880bd1c,0x880c12c,0x880c479,0x880c4ba,0x880c4fb,0x0
REPLACE,0x2dd,0x328,0x40,0x3f,0x32,0x0,0x75,0x25,26,10,6,7,5,0,14,6,60,20,20,20,20,20,20,3,80,45,25,20,16,17,35,3,1,2,0,3,3,0x100,0,0,71,1,0,0,0,0,0x88af44c,0x880b8cb,0x880bd1c,0x880c12c,0x880c479,0x880c4ba,0x880c4fb,0x0
REPLACE,0x2de,0x329,0x41,0x43,0x33,0x0,0x8b,0x0,20,7,2,6,2,0,13,5,60,20,20,20,20,20,20,3,50,30,25,25,10,10,35,2,1,1,0,1,1,0x0,0,0,31,0,0,0,0,0,0x88af468,0x880b94d,0x880bd9e,0x880c1ae,0x880c479,0x880c4ba,0x880c4fb,0x880c5ff
REPLACE,0x2ee,0x33a,0x42,0x43,0x34,0x0,0x8c,0x24,20,7,2,6,2,1,13,5,60,20,20,20,20,20,20,3,50,30,25,25,10,10,35,2,2,0,1,1,0,0x0,0,0,31,0,0,0,0,0,0x88af480,0x880b98e,0x880bddf,0x880c1ef,0x880c479,0x880c4ba,0x880c4fb,0x880c640
REPLACE,0x2df,0x32a,0x43,0x42,0x35,0x0,0x8d,0x26,25,9,6,9,6,0,15,6,60,20,20,20,20,20,20,3,75,50,35,25,10,13,35,4,1,1,1,2,2,0x140,0,0,71,0,0,0,0,0,0x88af498,0x880b90c,0x880bd5d,0x880c16d,0x880c479,0x880c4ba,0x880c4fb,0x880c681
REPLACE,0x2e4,0x32f,0x44,0x0,0x36,0x0,0x7a,0x17,17,3,4,6,0,6,7,5,60,20,20,20,20,20,20,3,50,30,35,32,8,40,35,0,0,0,0,0,0,0x0,0,0,0,0,0,0,1,0,0x88af4b0,0x880ba10,0x880be61,0x880c271,0x880c479,0x880c4ba,0x880c4fb,0x880c6c2
REPLACE,0x2e6,0x330,0x45,0x27,0x37,0x0,0x7a,0x15,17,3,4,6,0,6,7,5,60,20,20,20,20,20,20,3,50,30,35,32,8,50,35,0,0,0,0,0,0,0x0,0,0,0,0,31,0,0,0,0x88af4c4,0x880ba10,0x880be61,0x880c271,0x880c479,0x880c4ba,0x880c4fb,0x880c6c2
REPLACE,0x2e5,0x331,0x46,0x0,0x38,0x0,0x8b,0x0,14,1,2,7,1,0,6,5,60,20,20,20,20,20,20,2,45,45,30,60,0,13,35,0,0,0,0,0,0,0x20,0,0,0,0,0,0,0,0,0x0,0x880b849,0x880bc9a,0x880c0aa,0x880c479,0x880c4ba,0x880c4fb,0x0
REPLACE,0x2da,0x332,0x47,0x0,0x2c,0x0,0x8a,0x28,13,3,0,1,0,1,6,4,60,20,20,20,20,20,20,1,75,45,40,40,25,35,35,0,0,0,0,0,0,0x80000,0,1,0,0,0,0,0,0,0x88af4d0,0x880b849,0x880bc9a,0x880c0aa,0x880c479,0x880c4ba,0x880c4fb,0x0
REPLACE,0x2e7,0x333,0x48,0x49,0x39,0x0,0x86,0x10,15,4,5,5,2,3,5,7,60,20,20,20,20,20,20,3,65,35,40,40,12,35,35,0,0,0,0,0,0,0x1003,0,31,0,0,0,0,0,0,0x88af4dc,0x880bb96,0x880bfe7,0x880c3f7,0x880c53c,0x880c57d,0x880c5be,0x0
REPLACE,0x2e8,0x334,0x49,0x48,0x3a,0x0,0x87,0x11,20,6,7,7,5,4,6,8,60,20,20,20,20,20,20,3,60,30,30,30,12,30,35,5,2,0,2,2,2,0x1103,1,71,0,0,0,0,0,0,0x88af4e8,0x880bb96,0x880bfe7,0x880c3f7,0x880c53c,0x880c57d,0x880c5be,0x0
REPLACE,0x2e9,0x335,0x4a,0x2c,0x3b,0x0,0x7a,0x16,17,3,4,6,0,6,7,5,60,20,20,20,20,20,20,2,50,30,35,32,8,50,35,0,0,0,0,0,0,0x0,0,0,0,0,31,0,0,0,0x88af4f8,0x880ba10,0x880be61,0x880c271,0x880c479,0x880c4ba,0x880c4fb,0x880c6c2
REPLACE,0x2ea,0x336,0x4b,0x4c,0x3c,0x0,0x82,0x19,16,1,1,3,2,5,5,7,60,20,20,20,20,20,20,2,50,25,35,55,12,40,35,0,0,0,0,0,0,0x403,0,0,0,0,31,0,0,0,0x88af504,0x880ba92,0x880bee3,0x880c2f3,0x880c479,0x880c4ba,0x880c4fb,0x0
REPLACE,0x2eb,0x337,0x4c,0x4b,0x3d,0x0,0x83,0x1a,19,4,3,5,4,8,6,8,60,20,20,20,20,20,20,3,45,35,25,45,10,40,35,3,2,1,0,2,3,0x503,0,0,0,0,31,0,31,0,0x88af510,0x880bad3,0x880bf24,0x880c334,0x880c479,0x880c4ba,0x880c4fb,0x0
REPLACE,0x2ec,0x338,0x4d,0x0,0x3e,0x0,0x8b,0x2a,14,1,2,7,0,1,4,5,60,20,20,20,20,20,20,2,45,45,30,60,0,13,35,0,0,0,0,0,0,0x10,0,0,0,0,0,0,0,0,0x88af528,0x880b849,0x880bc9a,0x880c0aa,0x880c479,0x880c4ba,0x880c4fb,0x0
REPLACE,0x2ed,0x339,0x4e,0x0,0x3f,0x0,0x8a,0x0,17,5,8,7,3,0,8,5,60,20,20,20,20,20,20,3,80,50,30,20,12,15,35,0,0,0,0,0,0,0x0,0,1,0,0,0,0,0,0,0x88af53c,0x880b849,0x880bc9a,0x880c0aa,0x880c479,0x880c4ba,0x880c4fb,0x0
REPLACE,0x2ef,0x33b,0x4f,0x2d,0x40,0x0,0x7f,0x2b,18,9,4,5,3,8,7,6,60,20,20,20,20,20,20,3,45,55,30,25,10,35,35,0,0,0,0,0,0,0x8000100,0,0,0,0,251,0,0,251,0x88af548,0x880ba10,0x880be61,0x880c271,0x880c479,0x880c4ba,0x880c4fb,0x0
Fleet,0x2f0,0x33c,0x50,0x0,0x41,0x0,0x92,0x0,19,1,1,2,5,0,25,3,60,20,20,20,20,20,20,3,75,35,40,32,15,15,35,0,0,0,0,0,0,0x0,0,0,0,71,0,0,0,0,0x0,0x880b98e,0x880bddf,0x880c1ef,0x880c479,0x880c4ba,0x880c4fb,0x0
Phantom,0x2f1,0x33d,0x51,0x0,0x42,0x0,0x98,0x1e,1,5,2,4,0,0,11,5,1,20,20,20,0,0,20,3,0,55,35,45,15,15,35,0,0,0,0,0,0,0x0,0,0,71,0,0,0,0,0,0x0,0x880bb96,0x880bfe7,0x880c3f7,0x880c53c,0x880c57d,0x880c5be,0x0
Revenant,0x2f2,0x33e,0x52,0x53,0x43,0x0,0x99,0x0,25,2,0,0,0,0,6,4,60,20,20,20,20,20,20,3,95,50,30,20,10,13,35,0,0,0,0,0,0,0x40000,0,0,0,0,0,0,0,0,0x88af560,0x880b849,0x880bc9a,0x880c0aa,0x880c479,0x880c4ba,0x880c4fb,0x0
Entombed,0x2f3,0x33f,0x53,0x52,0x44,0x0,0x9a,0x0,35,3,0,1,0,0,6,5,80,25,22,21,24,22,25,1,85,40,25,17,10,13,35,0,0,0,0,0,0,0x40100,0,0,0,0,0,0,0,0,0x88af56c,0x880b849,0x880bc9a,0x880c0aa,0x880c479,0x880c4ba,0x880c4fb,0x0
Bonewalker,0x2f4,0x340,0x54,0x56,0x45,0x0,0x9b,0x0,20,4,2,3,3,0,7,5,60,20,20,20,20,20,20,3,80,50,30,20,12,15,35,0,0,0,0,0,0,0x20000,71,71,0,0,0,0,0,0,0x88af578,0x880b849,0x880bc9a,0x880c0aa,0x880c479,0x880c4ba,0x880c4fb,0x0
Bonewalker (Bow),0x2f4,0x340,0x55,0x57,0x46,0x0,0x9b,0x0,18,4,3,2,3,0,6,5,60,20,20,20,20,20,20,3,70,35,40,32,15,15,35,0,0,0,0,0,0,0x0,0,0,0,71,0,0,0,0,0x88af588,0x880b849,0x880bc9a,0x880c0aa,0x880c479,0x880c4ba,0x880c4fb,0x0
Wight,0x2f5,0x341,0x56,0x54,0x47,0x0,0x9c,0x0,21,7,5,6,5,2,9,6,60,24,28,26,22,23,25,3,65,25,25,20,15,22,35,0,0,0,0,0,0,0x20100,181,181,0,0,0,0,0,0,0x88af594,0x880b849,0x880bc9a,0x880c0aa,0x880c479,0x880c4ba,0x880c4fb,0x0
Wight (Bow),0x2f5,0x341,0x57,0x55,0x48,0x0,0x9c,0x0,21,6,6,5,5,2,8,6,60,25,30,28,25,23,20,3,65,30,30,20,15,20,10,0,0,0,0,0,0,0x100,0,0,0,181,0,0,0,0,0x88af5a4,0x880b849,0x880bc9a,0x880c0aa,0x880c479,0x880c4ba,0x880c4fb,0x0
Bael,0x2f6,0x342,0x58,0x59,0x49,0x0,0x9d,0x0,25,6,3,3,6,1,12,5,60,30,28,26,26,22,25,3,82,50,30,20,18,13,15,0,0,0,0,0,0,0x40000,0,0,0,0,0,0,0,0,0x88af5b0,0x880b94d,0x880bd9e,0x880c1ae,0x880c479,0x880c4ba,0x880c4fb,0x880c5ff
Elder Bael,0x2f7,0x343,0x59,0x58,0x4a,0x0,0x9e,0x0,36,8,5,5,9,4,15,6,80,30,28,26,26,22,25,3,85,45,25,20,21,17,10,0,0,0,0,0,0,0x40100,0,0,0,0,0,0,0,0,0x88af5bc,0x880b94d,0x880bd9e,0x880c1ae,0x880c479,0x880c4ba,0x880c4fb,0x880c5ff
Cyclops,0x2f8,0x344,0x5a,0x9,0x4b,0x0,0x9f,0x0,40,8,5,6,13,0,16,5,80,29,29,28,30,25,25,3,95,30,35,25,24,25,10,0,0,0,0,0,0,0x100,0,0,181,0,0,0,0,0,0x88af5c8,0x880b8cb,0x880bd1c,0x880c12c,0x880c479,0x880c4ba,0x880c4fb,0x0
Mauthe Doog,0x2f9,0x345,0x5b,0x5c,0x4c,0x0,0xa0,0x0,16,4,10,10,2,0,6,7,60,20,20,20,20,20,20,3,70,35,45,45,15,20,30,0,0,0,0,0,0,0x40000,0,0,0,0,0,0,0,0,0x88af5e0,0x880bb14,0x880bf65,0x880c375,0x880c479,0x880c4ba,0x880c4fb,0x0
Gwyllgi,0x2fa,0x346,0x5c,0x5b,0x4d,0x0,0xa1,0x0,21,6,12,12,5,2,8,8,60,24,29,30,22,23,20,3,65,28,35,35,16,22,25,0,0,0,0,0,0,0x40100,0,0,0,0,0,0,0,0,0x88af5ec,0x880bb55,0x880bfa6,0x880c3b6,0x880c479,0x880c4ba,0x880c4fb,0x0
Tarvos,0x2fb,0x347,0x5d,0x5e,0x4e,0x0,0xa2,0x0,21,6,2,5,7,0,10,7,60,20,20,20,20,20,20,3,80,35,40,28,15,15,10,0,0,0,0,0,0,0x0,0,0,71,0,0,0,0,0,0x88af5f8,0x880bb14,0x880bf65,0x880c375,0x880c479,0x880c4ba,0x880c4fb,0x0
Maelduin,0x2fc,0x348,0x5e,0x5d,0x4f,0x0,0xa3,0x0,25,8,4,7,9,3,12,8,80,25,26,24,25,25,25,3,75,30,30,18,13,20,10,0,0,0,0,0,0,0x100,0,0,181,181,0,0,0,0,0x88af610,0x880bb55,0x880bfa6,0x880c3b6,0x880c479,0x880c4ba,0x880c4fb,0x0
Mogall,0x2fd,0x349,0x5f,0x60,0x50,0x0,0xa4,0x0,15,2,1,2,2,4,4,5,60,20,20,20,20,20,20,3,50,45,32,30,10,28,30,0,0,0,0,0,0,0x40000,0,0,0,0,0,0,0,71,0x88af62c,0x880bb96,0x880bfe7,0x880c3f7,0x880c53c,0x880c57d,0x880c5be,0x0
Arch Mogall,0x2fe,0x34a,0x60,0x5f,0x51,0x0,0xa5,0x0,17,6,3,3,3,7,5,6,60,29,26,26,20,29,20,3,45,55,30,25,10,28,20,0,0,0,0,0,0,0x40100,0,0,0,0,0,0,0,181,0x88af640,0x880bb96,0x880bfe7,0x880c3f7,0x880c53c,0x880c57d,0x880c5be,0x0
Gorgon,0x2ff,0x34b,0x61,0x5f,0x52,0x0,0xa6,0x0,19,8,3,4,5,7,11,6,60,29,26,26,21,28,25,3,45,60,30,25,10,40,30,0,0,0,0,0,0,0x40100,0,0,0,0,0,0,0,181,0x88af654,0x880ba10,0x880be61,0x880c271,0x880c479,0x880c4ba,0x880c4fb,0x0
DO NOT USE,0x300,0x34c,0x62,0x0,0x53,0x0,0xa6,0x0,50,0,0,0,10,10,6,0,60,30,30,30,30,30,30,3,100,0,0,0,0,0,0,0,0,0,0,0,0,0x0,0,0,0,0,0,0,0,0,0x0,0x0,0x0,0x0,0x880c479,0x880c4ba,0x880c4fb,0x0
Gargoyle,0x301,0x34d,0x63,0x64,0x54,0x0,0xa7,0x0,19,6,3,6,6,0,8,6,60,20,20,20,20,20,20,3,80,45,35,35,25,15,10,0,0,0,0,0,0,0x0,0,71,0,0,0,0,0,0,0x88af668,0x880bb96,0x880bfe7,0x880c3f7,0x880c53c,0x880c57d,0x880c5be,0x0
Deathgoyle,0x302,0x34e,0x64,0x63,0x55,0x0,0xa8,0x0,23,8,5,8,9,1,11,7,60,27,25,23,28,22,25,3,75,40,30,25,20,17,10,0,0,0,0,0,0,0x100,0,181,0,0,0,0,0,0,0x88af674,0x880bb96,0x880bfe7,0x880c3f7,0x880c53c,0x880c57d,0x880c5be,0x0
Dracozombie,0x303,0x34f,0x65,0x1f,0x56,0x0,0xa9,0x0,53,1,0,1,0,3,25,5,100,50,50,50,50,50,25,3,85,35,20,20,30,10,25,0,0,0,0,0,0,0x40100,0,0,0,0,0,0,0,0,0x88af680,0x880bb96,0x880bfe7,0x880c3f7,0x880c53c,0x880c57d,0x880c5be,0x0
Demon King,0x304,0x350,0x66,0x1f,0x57,0x0,0xaa,0x0,120,23,20,18,25,25,25,2,120,50,50,50,50,50,25,5,95,40,30,20,20,20,25,0,0,0,0,0,0,0x40100,0,0,0,0,0,0,0,0,0x88af68c,0x880bbd7,0x880bbd7,0x880bbd7,0x880c479,0x880c4ba,0x880c4fb,0x0
Archer on Ballista,0x0,0x0,0x67,0x0,0x58,0x0,0x0,0x0,0,0,0,0,0,0,0,0,0,0,0,0,0,0,0,3,0,0,0,0,0,10,0,0,0,0,0,0,0,0x0,0,0,0,0,0,0,0,0,0x0,0x0,0x0,0x0,0x880c479,0x880c4ba,0x880c4fb,0x0
Archer on Iron Ballista,0x0,0x0,0x68,0x0,0x59,0x0,0x0,0x0,0,0,0,0,0,0,0,0,0,0,0,0,0,0,0,0,0,0,0,0,0,0,0,0,0,0,0,0,0,0x0,0,0,0,0,0,0,0,0,0x0,0x0,0x0,0x0,0x880c479,0x880c4ba,0x880c4fb,0x0
Archer on Killer Ballista,0x0,0x0,0x69,0x0,0x5a,0x0,0x0,0x0,0,0,0,0,0,0,0,0,0,0,0,0,0,0,0,0,0,0,0,0,0,0,0,0,0,0,0,0,0,0x0,0,0,0,0,0,0,0,0,0x0,0x0,0x0,0x0,0x880c479,0x880c4ba,0x880c4fb,0x0
Ballista,0x0,0x0,0x6a,0x0,0x5b,0x0,0x0,0x0,0,0,0,0,0,0,0,0,0,0,0,0,0,0,0,0,0,0,0,0,0,0,0,0,0,0,0,0,0,0x0,0,0,0,0,0,0,0,0,0x0,0x0,0x0,0x0,0x880c479,0x880c4ba,0x880c4fb,0x0
Iron Ballista,0x0,0x0,0x6b,0x0,0x5c,0x0,0x0,0x0,0,0,0,0,0,0,0,0,0,0,0,0,0,0,0,0,0,0,0,0,0,0,0,0,0,0,0,0,0,0x0,0,0,0,0,0,0,0,0,0x0,0x0,0x0,0x0,0x880c479,0x880c4ba,0x880c4fb,0x0
Killer Ballista,0x0,0x0,0x6c,0x0,0x5d,0x0,0x0,0x0,0,0,0,0,0,0,0,0,0,0,0,0,0,0,0,0,0,0,0,0,0,0,0,0,0,0,0,0,0,0x0,0,0,0,0,0,0,0,0,0x0,0x0,0x0,0x0,0x880c479,0x880c4ba,0x880c4fb,0x0
Civilian,0x305,0x351,0x6d,0x0,0x5e,0x1,0x5e,0x0,8,1,0,0,0,0,4,5,60,20,20,20,20,20,20,1,10,0,0,0,0,10,0,0,0,0,0,0,0,0x0,0,0,0,0,0,0,0,0,0x0,0x880ba51,0x880bea2,0x880c2b2,0x880c479,0x880c4ba,0x880c4fb,0x0
Civilian (F),0x305,0x351,0x6e,0x0,0x5f,0x1,0x63,0x0,7,0,0,0,0,1,3,5,60,20,20,20,20,20,20,1,10,0,0,0,0,10,0,0,0,0,0,0,0,0x0,0,0,0,0,0,0,0,0,0x0,0x880ba51,0x880bea2,0x880c2b2,0x880c479,0x880c4ba,0x880c4fb,0x0
Civilian,0x305,0x351,0x6f,0x0,0x60,0x1,0x59,0x0,10,0,1,0,0,2,6,5,60,20,20,20,20,20,20,1,10,0,0,0,0,10,0,0,0,0,0,0,0,0x0,0,0,0,0,0,0,0,0,0x0,0x880ba51,0x880bea2,0x880c2b2,0x880c479,0x880c4ba,0x880c4fb,0x0
Civilian (F),0x305,0x351,0x70,0x0,0x61,0x1,0x62,0x0,9,0,1,0,0,1,4,5,60,20,20,20,20,20,20,1,10,0,0,0,0,10,0,0,0,0,0,0,0,0x0,0,0,0,0,0,0,0,0,0x0,0x880ba51,0x880bea2,0x880c2b2,0x880c479,0x880c4ba,0x880c4fb,0x0
Civilian,0x305,0x351,0x71,0x0,0x60,0x1,0x5c,0x0,12,3,0,0,2,0,7,5,60,20,20,20,20,20,20,1,10,0,0,0,0,10,0,0,0,0,0,0,0,0x0,0,0,0,0,0,0,0,0,0x0,0x880ba51,0x880bea2,0x880c2b2,0x880c479,0x880c4ba,0x880c4fb,0x0
Civilian (F),0x305,0x351,0x72,0x0,0x61,0x1,0x61,0x0,10,0,1,0,1,1,5,5,60,20,20,20,20,20,20,1,10,0,0,0,0,10,0,0,0,0,0,0,0,0x0,0,0,0,0,0,0,0,0,0x0,0x880ba51,0x880bea2,0x880c2b2,0x880c479,0x880c4ba,0x880c4fb,0x0
Peer,0x0,0x0,0x73,0x0,0x62,0x1,0x1,0x0,10,0,0,0,0,0,8,5,60,20,20,20,20,20,20,1,10,0,0,0,0,10,0,0,0,0,0,0,0,0x0,0,0,0,0,0,0,0,0,0x0,0x880ba51,0x880bea2,0x880c2b2,0x880c479,0x880c4ba,0x880c4fb,0x0
Queen,0x307,0x353,0x74,0x0,0x63,0x1,0x1,0x0,10,0,0,0,0,0,5,5,60,20,20,20,20,20,20,1,10,0,0,0,0,10,0,0,0,0,0,0,0,0x0,0,0,0,0,0,0,0,0,0x0,0x880ba51,0x880bea2,0x880c2b2,0x880c479,0x880c4ba,0x880c4fb,0x0
Prince,0x0,0x0,0x75,0x0,0x64,0x1,0x1,0x0,10,0,0,0,0,0,7,5,60,20,20,20,20,20,20,1,10,0,0,0,0,10,0,0,0,0,0,0,0,0x0,0,0,0,0,0,0,0,0,0x0,0x880ba51,0x880bea2,0x880c2b2,0x880c479,0x880c4ba,0x880c4fb,0x0
Queen,0x307,0x353,0x76,0x0,0x65,0x1,0x1,0x0,10,0,0,0,0,0,6,5,60,20,20,20,20,20,20,1,10,0,0,0,0,10,0,0,0,0,0,0,0,0x0,0,0,0,0,0,0,0,0,0x0,0x880ba51,0x880bea2,0x880c2b2,0x880c479,0x880c4ba,0x880c4fb,0x0
(empty),0x0,0x0,0x77,0x0,0x66,0x0,0x0,0x0,0,0,0,0,0,0,0,0,0,0,0,0,0,0,0,0,0,0,0,0,0,0,0,0,0,0,0,0,0,0x0,0,0,0,0,0,0,0,0,0x0,0x0,0x0,0x0,0x880c479,0x880c4ba,0x880c4fb,0x0
Fallen Prince,0x0,0x0,0x78,0x0,0x67,0x1,0x1,0x0,10,0,0,0,0,0,25,5,60,20,20,20,20,20,20,1,10,0,0,0,0,10,0,0,0,0,0,0,0,0x0,0,0,0,0,0,0,0,0,0x0,0x880ba51,0x880bea2,0x880c2b2,0x880c479,0x880c4ba,0x880c4fb,0x0
Tent,0x0,0x0,0x79,0x0,0x68,0x1,0x1,0x0,15,0,3,3,3,0,25,0,60,20,20,20,20,20,25,1,10,0,0,0,0,10,0,0,0,0,0,0,0,0x100200,0,0,0,0,0,0,0,0,0x0,0x880ba51,0x880bea2,0x880c2b2,0x880c479,0x880c4ba,0x880c4fb,0x0
Pontifex,0x306,0x352,0x7a,0x0,0x69,0x1,0x1,0x0,10,0,0,0,0,0,8,5,60,20,20,20,20,20,20,1,10,0,0,0,0,10,0,0,0,0,0,0,0,0x0,0,0,0,0,0,0,0,0,0x0,0x880ba51,0x880bea2,0x880c2b2,0x880c479,0x880c4ba,0x880c4fb,0x0
Dead Peer,0x0,0x0,0x7b,0x0,0x6a,0x1,0x1,0x0,10,0,0,0,0,0,25,5,60,20,20,20,20,20,20,1,10,0,0,0,0,10,0,0,0,0,0,0,0,0x0,0,0,0,0,0,0,0,0,0x0,0x880ba51,0x880bea2,0x880c2b2,0x880c479,0x880c4ba,0x880c4fb,0x0
Cyclops,0x2f8,0x344,0x7c,0x9,0x4b,0x0,0x9f,0x0,40,8,5,6,13,0,16,5,80,29,29,28,30,25,25,3,95,30,35,25,24,25,10,0,0,0,0,0,0,0x100,0,0,251,0,0,0,0,0,0x88af6a4,0x880b8cb,0x880bd1c,0x880c12c,0x880c479,0x880c4ba,0x880c4fb,0x0
Elder Bael,0x2f7,0x343,0x7d,0x58,0x4a,0x0,0x9e,0x0,36,8,5,5,9,4,15,6,80,30,28,26,26,22,25,3,85,45,25,20,21,17,10,0,0,0,0,0,0,0x40100,0,0,0,0,0,0,0,0,0x88af6bc,0x880b94d,0x880bd9e,0x880c1ae,0x880c479,0x880c4ba,0x880c4fb,0x880c5ff
Journeyman (2),0x2d8,0x324,0x7e,0x38,0x2d,0x0,0x74,0x27,20,5,3,4,2,1,8,5,60,20,20,20,20,20,20,3,85,55,40,32,18,20,40,2,0,2,0,2,2,0x0,0,0,31,0,0,0,0,0,0x88af6c8,0x880b8cb,0x880bd1c,0x880c12c,0x880c479,0x880c4ba,0x880c4fb,0x0
